<?xml version="1.0" encoding="UTF-8"?>
<ejb-jar xmlns:xsi="http://www.w3.org/2001/XMLSchema-instance" xmlns="http://java.sun.com/xml/ns/javaee" xmlns:ejb="http://java.sun.com/xml/ns/javaee/ejb-jar_3_0.xsd" xsi:schemaLocation="http://java.sun.com/xml/ns/javaee http://java.sun.com/xml/ns/javaee/ejb-jar_3_0.xsd" version="3.0">
  <display-name>FalconCAM</display-name>
<!--   <enterprise-beans> -->
<!--     <message-driven>     -->
<!--       <ejb-name>ConsumeCAMMDB</ejb-name>       -->
<!--       <ejb-class>com.ul.service.ConsumeCAM</ejb-class> -->
<!--       <activation-config> -->
<!--                 <activation-config-property> -->
<!--                     <activation-config-property-name>destination</activation-config-property-name> -->
<!--                     <activation-config-property-value>java:/jboss/exported/jms/queue/TestQ</activation-config-property-value> -->
<!--                 </activation-config-property> -->
<!--        </activation-config> -->
<!--      </message-driven> -->
<!--   </enterprise-beans> -->
</ejb-jar>